{
  "features": {
    "M": [
      1.6350560716395375, 1.4638417409348592, 1.3937510806461273,
      1.3829323489992722, 1.4949164786561508, 0.2089361365891813,
      0.19196382204645004, 0.23958216491287943, 0.367289758116994,
      0.5660821764575574
    ],
    "H": [
      2.3215345962647107, 2.423325050762666, 2.3221245355771907,
      2.240775221096148, 1.9992576748683772, 0.13500714050731824,
      0.6390373366037146, 0.11992451654518987, 0.41017053725676017,
      0.7121117459825611
    ],
    "D": [
      2.4090231301136256, 2.8637055230845867, 2.590064672508434,
      2.527137060805494, 2.6319305971063653, 0.40801439503398446,
      0.13189690065265577, 0.12679063353737607, 0.5179955851844013,
      0.45233332970955936
    ],
    "O": [
      2.478859771858176, 2.5707673861680362, 2.608419433296665,
      2.668291484615939, 2.7499995478433035, 0.08672849445640995,
      0.09033890488932572, 0.11696068244986371, 0.17032930361975057,
      0.25616692244575634
    ],
    "U": [
      2.8103636241166785, 2.914347365382563, 2.9385253886290714,
      2.644284644036592, 2.569340888824006, 0.12410608524085348,
      0.6188094508946755, 0.10614751745752152, 0.4778130932060047,
      0.6914764515462146
    ],
    "T": [
      2.2464147219878865, 2.621761347880641, 2.488278685270165,
      2.6726624748534387, 2.6835476614758043, 0.4371647161132613,
      0.163300757726831, 0.14474765104158724, 0.4393033297365627,
      0.6227996126271038
    ],
    "K": [
      2.843065732615732, 2.898509087413222, 2.8938105541436276,
      2.6250627476315924, 2.4777665210429594, 0.292668117685962,
      0.638234892720908, 0.10596185266770829, 0.4271135711978852,
      0.7532090236109541
    ],
    "E": [
      2.6386903207288834, 2.5497587143978833, 2.721881126369905,
      2.8271965532306274, 2.7452038996436974, 0.17737213526645731,
      0.1677857941422631, 0.15027716312607153, 0.29059889701341685,
      0.4614632861160527
    ],
    "nothing": [
      1.906766277733909, 2.089620348292255, 2.1270512813120503,
      2.1316899801038396, 2.0711762838537062, 0.15384464876079496,
      0.15764305100829112, 0.14498900003318696, 0.42250183537495695,
      0.41999388256044445
    ],
    "space": [
      2.538880995512467, 2.224058913150053, 2.254480972103386,
      2.2279257652023525, 2.1386797142917677, 0.13797172505009372,
      0.10792295581738702, 0.1394304484964252, 0.6269782943560416,
      0.2984924354578409
    ],
    "L": [
      2.02524931022414, 2.6934583306098476, 2.349198095532843,
      2.518539331211693, 2.588109029431779, 0.6227006791661962,
      0.1483617390338357, 0.11036597852968352, 0.6684533669387895,
      0.7339355059387395
    ],
    "W": [
      2.7387580123047943, 2.801636574294586, 2.9402517845529954,
      2.8040601869648167, 2.5329743298614953, 0.23458710685310813,
      0.27385710619293335, 0.5428892828209935, 0.6035175167527899,
      0.6936541038778178
    ],
    "N": [
      1.3888703592725415, 1.2018559872464527, 1.0745143093816856,
      1.1728316240623287, 1.2823334140878169, 0.23614650299074416,
      0.2910184596037434, 0.20684640983462374, 0.37140033932067823,
      0.6223867361348621
    ],
    "B": [
      2.609002613769199, 2.8228201987011983, 2.9059539035624398,
      2.923000716407504, 2.8813132891481823, 0.1266593831159463,
      0.10765240362295002, 0.16058001362733926, 0.5014953986516273,
      0.3114758804170517
    ],
    "Y": [
      2.4339817540733084, 2.475525182577551, 2.432027865700678,
      2.4494281483072697, 2.464362071204412, 0.15416730404012016,
      0.1500297723722858, 0.5752718934516664, 0.5222647749546329,
      0.7282265860535101
    ],
    "S": [
      2.700372064895409, 2.5206219327777943, 2.6646246648110687,
      2.73518545896467, 2.659082071034908, 0.21024264587134292,
      0.22590700006018805, 0.15939627272416118, 0.23101535574165066,
      0.5567594168003454
    ],
    "I": [
      2.761099441729045, 2.6292463732543974, 2.6614545357975987,
      2.7782807118588217, 2.884091394262971, 0.19950419195309793,
      0.13201890963032886, 0.5053623828989117, 0.230310151731116,
      0.5769401507118516
    ],
    "Q": [
      1.0999996227036224, 1.4964677052647901, 1.4768900071922995,
      1.5425239657255405, 1.5839209560172887, 0.29967686381263736,
      0.17885688455713844, 0.11872466596074269, 0.47905015944469576,
      0.4715387633444024
    ],
    "R": [
      2.7842283722001513, 2.9202001358394414, 2.9247925930976284,
      2.6968091103151752, 2.6249479709539028, 0.11143475688512283,
      0.5610230941965528, 0.0995345495422943, 0.4309850332185182,
      0.6643455243225048
    ],
    "V": [
      2.6834356821529592, 2.865377622606155, 2.8894255800872486,
      2.5827787529654787, 2.4857130522375455, 0.2669988718425766,
      0.631163485287317, 0.10055288597335398, 0.5731639535659655,
      0.7225347984122719
    ],
    "C": [
      1.8023011776053532, 2.2153453067582336, 2.227330278480296,
      2.2774240711831264, 2.366367521067408, 0.08363149877655827,
      0.07824293281281278, 0.1391611672874267, 0.4277792267847938,
      0.2356611587821025
    ],
    "G": [
      2.688117231895602, 2.4110342109710072, 2.2158196622238013,
      2.0321109687688184, 1.7886645452883234, 0.6551667040036169,
      0.16425353057253753, 0.11465847820474098, 0.46890500336065544,
      0.7655398927885311
    ],
    "Z": [
      2.442176274183037, 2.2917667618685607, 2.2942294547237636,
      2.416116009129133, 2.6021189624033108, 0.5198778258709789,
      0.17630179312386365, 0.1100272756555305, 0.4582028037033145,
      0.7149688227726954
    ],
    "X": [
      2.7437861895316438, 2.815968737065611, 2.6858386559797305,
      2.709129920035076, 2.5924851678381517, 0.4514668991103246,
      0.181370384338975, 0.12868165395821962, 0.3940722383273216,
      0.6691854640898489
    ],
    "J": [
      2.5242807472803848, 2.6726921001946784, 2.508601583855295,
      2.4024545121148106, 2.1783114099476757, 0.17094219617397866,
      0.13383769726367375, 0.5894286684412169, 0.17764502668809082,
      0.6567846088924191
    ],
    "del": [
      1.5151410530344198, 1.2506327921591094, 1.1122535710592094,
      1.0899586055594657, 1.1636113706766236, 0.17805100121213624,
      0.10929391248034784, 0.16021568173500364, 0.3690054053843027,
      0.32131802498419404
    ],
    "F": [
      2.6243997950225295, 2.6774290455054603, 2.8590813129299133,
      2.823714643078992, 2.535335753992823, 0.2707443049306091,
      0.2745970121766855, 0.35650988884764584, 0.13517905238515887,
      0.7129892262985589
    ],
    "A": [
      2.6167463971983946, 2.4599770431486694, 2.505040601604701,
      2.632755840890931, 2.530454683662388, 0.2085592035609962,
      0.17938799639473083, 0.1478905312541946, 0.4174970676760762,
      0.49551535759426574
    ],
    "P": [
      1.3765865081179087, 1.8143726213856595, 1.4966579697687667,
      1.452514123488842, 1.4978869704279485, 0.43497072650727764,
      0.1278706971403381, 0.15147049216059363, 0.5101508956204571,
      0.5483237025345107
    ]
  },
  "labels": [
    "M",
    "H",
    "D",
    "O",
    "U",
    "T",
    "K",
    "E",
    "nothing",
    "space",
    "L",
    "W",
    "N",
    "B",
    "Y",
    "S",
    "I",
    "Q",
    "R",
    "V",
    "C",
    "G",
    "Z",
    "X",
    "J",
    "del",
    "F",
    "A",
    "P"
  ]
}
